@file,1,DDJ-SZ,,,,,,,,,,,,
#name,function,type,input,deck1,deck2,deck3,deck4,output,deck1,deck2,deck3,deck4,option,comment
TransitionFxRandom,,Button,9124,,,,,9124,,,,,,
TransitionFxSelect,,Button,912C,,,,,912C,,,,,,
,,,,,,,,,,,,,,
,,,,,,,,,,,,,,
,,,,,,,,,,,,,,
CFX1On,CFX1On,Button,9604,,,,,9604,,,,,Fast;,CFX NOISE On/Off
CFX3On,CFX3On,Button,9605,,,,,9605,,,,,Fast;,CFX CRUSH On/Off
CFX5On,CFX5On,Button,9606,,,,,9606,,,,,Fast;,CFX SPACE On/Off
CFX4On,CFX4On,Button,9607,,,,,9607,,,,,Fast;,CFX FILTER On/Off

CFX2On,CFX2On,Button,960C,,,,,9604,,,,,Fast;,CFX JET  On/Off
CFX6On,CFX6On,Button,960D,,,,,9605,,,,,Fast;,CFX PITCH On/Off
CFX7On,CFX5On,Button,960E,,,,,9606,,,,,Fast;,CFX NONE On/Off
CFX8On,CFX4On,Button,960F,,,,,9607,,,,,Fast;,CFX NONE On/Off
,,,,,,,,,,,,,,
,,,,,,,,,,,,,,
#CFX1On+Shift,Button,960C,,,,,,,,,,RO,CFX SPACE On/Off,
#,CFX2On,Button,9601,,,,,,,,,,RO,CFX JET On/Off
#,CFX2On+Shift,Button,9609,,,,,,,,,,RO,CFX JET On/Off
#,CFX3On,Button,9602,,,,,,,,,,RO,CFX PITCH On/Off
#,CFX3On+Shift,Button,960A,,,,,,,,,,RO,CFX PITCH On/Off
#,CFX4On,Button,9603,,,,,,,,,,RO,CFX FILTER On/Off
#,CFX4On+Shift,Button,960B,,,,,,,,,,RO,CFX FILTER On/Off
,,,,,,,,,,,,,,
,,,,,,,,,,,,,,
,,,,,,,,,,,,,,
CFXParameterCH1,,KnobSliderHiRes,B617,,,,,,,,,,Fast;,Channel 1 CFX Knob
CFXParameterCH2,,KnobSliderHiRes,B618,,,,,,,,,,Fast;,Channel 2 CFX Knob
CFXParameterCH3,,KnobSliderHiRes,B619,,,,,,,,,,Fast;,Channel 3 CFX Knob
CFXParameterCH4,,KnobSliderHiRes,B61A,,,,,,,,,,Fast;,Channel 4 CFX Knob
CFXParameterMaster,,KnobSliderHiRes,B61C,,,,,,,,,,Fast;,Master CFX Knob
CFXParameterSampler,,KnobSliderHiRes,B61B,,,,,,,,,,Fast;,Sampler CFX Knob
CFXSubParameter,CFXSubParameter,KnobSliderHiRes,B61D,,,,,,,,,,Fast;,CFX sub parameter
,,,,,,,,,,,,,,
,,,,,,,,,,,,,,
,,,,,,,,,,,,,,
,,,,,,,,,,,,,,
,,,,,,,,,,,,,,
BeatJump,,Button,,9020,9120,9220,9320,,9020,9120,9220,9320,Fast;, Activate Key Shift Deck 1


PAD1_BeatJump,,Pad,9020,7,8,9,10,9020,7,8,9,10,Fast,SLICER 5 Play
PAD2_BeatJump,,Pad,9021,7,8,9,10,9021,7,8,9,10,Fast,SLICER 5 Play
PAD3_BeatJump,,Pad,9022,7,8,9,10,9022,7,8,9,10,Fast,SLICER 5 Play
PAD4_BeatJump,,Pad,9023,7,8,9,10,9023,7,8,9,10,Fast,SLICER 5 Play
PAD5_BeatJump,,Pad,9024,7,8,9,10,9024,7,8,9,10,Fast,SLICER 5 Play
PAD6_BeatJump,,Pad,9025,7,8,9,10,9025,7,8,9,10,Fast,SLICER 5 Play
PAD7_BeatJump,,Pad,9026,7,8,9,10,9026,7,8,9,10,Fast,SLICER 5 Play
PAD8_BeatJump,,Pad,9027,7,8,9,10,9027,7,8,9,10,Fast,SLICER 5 Play


Parameter2Left_BeatJump,,Button,9026,0,1,2,3,9026,0,1,2,3,,Change Roll (down)
Parameter2Right_BeatJump,,Button,902E,0,1,2,3,902E,0,1,2,3,,Change Roll (up)
NoFunction,,Button,9003,0,1,2,3,9003,0,1,2,3,,shift beatjump
NoFunction,,Button,907B,0,1,2,3,907B,0,1,2,3,,shift beatjump

Parameter1Right_KeyShift,,Button,9028,0,1,2,3,9028,0,1,2,3,,Change Jump Range (1/2x)
Parameter1Left_KeyShift,,Button,9030,0,1,2,3,9030,0,1,2,3,,Change Jump Range (2x)
NoFunction,,Button,9005,0,1,2,3,9005,0,1,2,3,,Change Jump Range (1/16x)
NoFunction,,Button,907D,0,1,2,3,907D,0,1,2,3,,Change Jump Range (16x)

Parameter1Right_Keyboard,,Button,902A,0,1,2,3,902A,0,1,2,3,,Change Roll (down)
Parameter1Left_Keyboard,,Button,9032,0,1,2,3,9032,0,1,2,3,,Change Roll (up)
NoFunction,,Button,9007,0,1,2,3,9007,0,1,2,3,,Change Domain (down)
NoFunction,,Button,907F,0,1,2,3,907F,0,1,2,3,,Change Domain (up)



KeyShift,,Button,9069,0,1,2,3,9069,0,1,2,3,Fast,BEAT JUMP Mode On/Off
PAD1_KeyShift,,DdjSzPad,9040,7,8,9,10,9040,7,8,9,10,,BEAT JUMP (REV1)
PAD2_KeyShift,,DdjSzPad,9041,7,8,9,10,9041,7,8,9,10,,BEAT JUMP (REV1)
PAD3_KeyShift,,DdjSzPad,9042,7,8,9,10,9042,7,8,9,10,,BEAT JUMP (REV1)
PAD4_KeyShift,,DdjSzPad,9043,7,8,9,10,9043,7,8,9,10,,BEAT JUMP (REV1)
PAD5_KeyShift,,DdjSzPad,9044,7,8,9,10,9044,7,8,9,10,,BEAT JUMP (REV1)
PAD6_KeyShift,,DdjSzPad,9045,7,8,9,10,9045,7,8,9,10,,BEAT JUMP (REV1)
PAD7_KeyShift,,DdjSzPad,9046,7,8,9,10,9046,7,8,9,10,,BEAT JUMP (REV1)
PAD8_KeyShift,,DdjSzPad,9047,7,8,9,10,9047,7,8,9,10,,BEAT JUMP (REV1)


Keyboard,,Button,906D,0,1,2,3,906D,0,1,2,3,Fast,SLICER LOOP Mode On/Off
PAD1_Keyboard,,DdjSzPad,9060,7,8,9,10,9060,7,8,9,10,Fast,SLICER LOOP
PAD2_Keyboard,,DdjSzPad,9061,7,8,9,10,9061,7,8,9,10,Fast,SLICER LOOP
PAD3_Keyboard,,DdjSzPad,9062,7,8,9,10,9062,7,8,9,10,Fast,SLICER LOOP
PAD4_Keyboard,,DdjSzPad,9063,7,8,9,10,9063,7,8,9,10,Fast,SLICER LOOP
PAD5_Keyboard,,DdjSzPad,9064,7,8,9,10,9064,7,8,9,10,Fast,SLICER LOOP
PAD6_Keyboard,,DdjSzPad,9065,7,8,9,10,9065,7,8,9,10,Fast,SLICER LOOP
PAD7_Keyboard,,DdjSzPad,9066,7,8,9,10,9066,7,8,9,10,Fast,SLICER LOOP
PAD8_Keyboard,,DdjSzPad,9067,7,8,9,10,9067,7,8,9,10,Fast,SLICER LOOP





,,,,,,,,,,,,,,
,,,,,,,,,,,,,,
,,,,,,,,,,,,,,
,,,,,,,,,,,,,,
,,,,,,,,,,,,,,
Quantize,,Button,,9058,9158,9258,9358,,9058,9158,9258,9358,,Quantize ON/OFF Deck 1
RelatedTracks,,Button,9665,,,,,9665,,,,,,RELATED TRACKS (BACK Button)

Sync,Sync,Button,9058,0,1,2,3,9058,0,1,2,3,Blink=600,Sync On/Off
Master,Sync+Shift,Button,905C,0,1,2,3,905C,0,1,2,3,,Master On/Off
